Date,Country,Confirmed Cases,Deaths,New Cases,Country Population
2022-09-01,Germany,32184553,147494,0,83783942
2022-08-31,Germany,32184553,147494,88699,83783942
2022-08-30,Germany,32095854,147223,0,83783942
2022-08-29,Germany,32095854,147223,54504,83783942
2022-08-28,Germany,32041350,147104,1,83783942
2022-08-27,Germany,32041349,147104,1,83783942
2022-08-26,Germany,32041348,147104,33226,83783942
2022-08-25,Germany,32008122,147003,86544,83783942
2022-08-24,Germany,31921578,146797,0,83783942
2022-08-23,Germany,31921578,146797,52939,83783942
2022-08-22,Germany,31868639,146650,60411,83783942
2022-08-21,Germany,31808228,146504,49,83783942
2022-08-20,Germany,31808179,146504,0,83783942
2022-08-19,Germany,31808179,146504,36295,83783942
2022-08-18,Germany,31771884,146383,46724,83783942
2022-08-17,Germany,31725160,146214,58685,83783942
2022-08-16,Germany,31666475,146030,67390,83783942
2022-08-15,Germany,31599085,145838,63745,83783942
2022-08-14,Germany,31535340,145698,-3,83783942
2022-08-13,Germany,31535343,145698,0,83783942
2022-08-12,Germany,31535343,145698,45859,83783942
2022-08-11,Germany,31489484,145561,49839,83783942
2022-08-10,Germany,31439645,145394,59888,83783942
2022-08-09,Germany,31379757,145241,72737,83783942
2022-08-08,Germany,31307020,145028,78698,83783942
2022-08-07,Germany,31228322,144858,8,83783942
2022-08-06,Germany,31228314,144858,0,83783942
2022-08-05,Germany,31228314,144858,49609,83783942
2022-08-04,Germany,31178705,144717,59506,83783942
2022-08-03,Germany,31119199,144552,74645,83783942
2022-08-02,Germany,31044554,144360,87681,83783942
2022-08-01,Germany,30956873,144150,102698,83783942
2022-07-31,Germany,30854175,143979,861,83783942
2022-07-30,Germany,30853314,143972,2,83783942
2022-07-29,Germany,30853312,143972,66003,83783942
2022-07-28,Germany,30787309,143855,84798,83783942
2022-07-27,Germany,30702511,143702,104126,83783942
2022-07-26,Germany,30598385,143545,121780,83783942
2022-07-25,Germany,30476605,143364,145472,83783942
2022-07-24,Germany,30331133,143177,0,83783942
2022-07-23,Germany,30331133,143177,2,83783942
2022-07-22,Germany,30331131,143177,92009,83783942
2022-07-21,Germany,30239122,143061,107819,83783942
2022-07-20,Germany,30131303,142948,136624,83783942
2022-07-19,Germany,29994679,142771,140999,83783942
2022-07-18,Germany,29853680,142635,160691,83783942
2022-07-17,Germany,29692989,142533,0,83783942
2022-07-16,Germany,29692989,142533,0,83783942
2022-07-15,Germany,29692989,142533,123046,83783942
2022-07-14,Germany,29569943,142399,109694,83783942
2022-07-13,Germany,29460249,142284,152149,83783942
2022-07-12,Germany,29308100,142139,127611,83783942
2022-07-11,Germany,29180489,142035,154729,83783942
2022-07-10,Germany,29025760,141870,3495,83783942
2022-07-09,Germany,29022265,141862,0,83783942
2022-07-08,Germany,29022265,141862,95919,83783942
2022-07-07,Germany,28926346,141758,117732,83783942
2022-07-06,Germany,28808614,141627,135402,83783942
2022-07-05,Germany,28673212,141519,130728,83783942
2022-07-04,Germany,28542484,141397,147489,83783942
2022-07-03,Germany,28394995,141295,2365,83783942
2022-07-02,Germany,28392630,141292,1,83783942
2022-07-01,Germany,28392629,141292,98669,83783942
2022-06-30,Germany,28293960,141189,113099,83783942
2022-06-29,Germany,28180861,141105,132671,83783942
2022-06-28,Germany,28048190,141022,133950,83783942
2022-06-27,Germany,27914240,140847,142329,83783942
2022-06-26,Germany,27771911,140734,799,83783942
2022-06-25,Germany,27771112,140734,1,83783942
2022-06-24,Germany,27771111,140734,89336,83783942
2022-06-23,Germany,27681775,140650,108190,83783942
2022-06-22,Germany,27573585,140560,119360,83783942
2022-06-21,Germany,27454225,140462,119232,83783942
2022-06-20,Germany,27334993,140358,123097,83783942
2022-06-19,Germany,27211896,140176,6941,83783942
2022-06-18,Germany,27204955,140176,2,83783942
2022-06-17,Germany,27204953,140176,80264,83783942
2022-06-16,Germany,27124689,140118,28118,83783942
2022-06-15,Germany,27096571,140099,89142,83783942
2022-06-14,Germany,27007429,140026,92344,83783942
2022-06-13,Germany,26915085,139914,105840,83783942
2022-06-12,Germany,26809245,139807,5378,83783942
2022-06-11,Germany,26803867,139806,0,83783942
2022-06-10,Germany,26803867,139806,65337,83783942
2022-06-09,Germany,26738530,139729,77878,83783942
2022-06-08,Germany,26660652,139623,77636,83783942
2022-06-07,Germany,26583016,139533,84655,83783942
2022-06-06,Germany,26498361,139388,1750,83783942
2022-06-05,Germany,26496611,139386,3376,83783942
2022-06-04,Germany,26493235,139386,0,83783942
2022-06-03,Germany,26493235,139386,41087,83783942
2022-06-02,Germany,26452148,139313,42693,83783942
2022-06-01,Germany,26409455,139222,48502,83783942
2022-05-31,Germany,26360953,139091,54957,83783942
2022-05-30,Germany,26305996,139000,61889,83783942
2022-05-29,Germany,26244107,138864,755,83783942
2022-05-28,Germany,26243352,138862,2713,83783942
2022-05-27,Germany,26240639,138854,39976,83783942
2022-05-26,Germany,26200663,138781,1852,83783942
2022-05-25,Germany,26198811,138779,39705,83783942
2022-05-24,Germany,26159106,138643,49141,83783942
2022-05-23,Germany,26109965,138485,64437,83783942
2022-05-22,Germany,26045528,138326,1245,83783942
2022-05-21,Germany,26044283,138325,3823,83783942
2022-05-20,Germany,26040460,138324,42375,83783942
2022-05-19,Germany,25998085,138204,48910,83783942
2022-05-18,Germany,25949175,138053,58719,83783942
2022-05-17,Germany,25890456,137888,72051,83783942
2022-05-16,Germany,25818405,137714,86252,83783942
2022-05-15,Germany,25732153,137499,2305,83783942
2022-05-14,Germany,25729848,137499,6151,83783942
2022-05-13,Germany,25723697,137492,61859,83783942
2022-05-12,Germany,25661838,137348,68999,83783942
2022-05-11,Germany,25592839,137184,88961,83783942
2022-05-10,Germany,25503878,136987,97010,83783942
2022-05-09,Germany,25406868,136756,107568,83783942
2022-05-08,Germany,25299300,136538,3350,83783942
2022-05-07,Germany,25295950,136533,8488,83783942
2022-05-06,Germany,25287462,136523,72252,83783942
2022-05-05,Germany,25215210,136339,85073,83783942
2022-05-04,Germany,25130137,136125,96167,83783942
2022-05-03,Germany,25033970,135942,106631,83783942
2022-05-02,Germany,24927339,135701,113522,83783942
2022-05-01,Germany,24813817,135461,4032,83783942
2022-04-30,Germany,24809785,135461,11718,83783942
2022-04-29,Germany,24798067,135451,87298,83783942
2022-04-28,Germany,24710769,135292,101610,83783942
2022-04-27,Germany,24609159,135078,271765,83783942
2022-04-26,Germany,24337394,134489,0,83783942
2022-04-25,Germany,24337394,134489,136798,83783942
2022-04-24,Germany,24200596,134185,20084,83783942
2022-04-23,Germany,24180512,134179,39179,83783942
2022-04-22,Germany,24141333,134155,135079,83783942
2022-04-21,Germany,24006254,133921,161718,83783942
2022-04-20,Germany,23844536,133632,186325,83783942
2022-04-19,Germany,23658211,133308,198583,83783942
2022-04-18,Germany,23459628,132960,22483,83783942
2022-04-17,Germany,23437145,132953,20482,83783942
2022-04-16,Germany,23416663,132942,39784,83783942
2022-04-15,Germany,23376879,132929,37568,83783942
2022-04-14,Germany,23339311,132900,156864,83783942
2022-04-13,Germany,23182447,132688,165368,83783942
2022-04-12,Germany,23017079,132378,138651,83783942
2022-04-11,Germany,22878428,132017,200442,83783942
2022-04-10,Germany,22677986,131728,30789,83783942
2022-04-09,Germany,22647197,131715,55471,83783942
2022-04-08,Germany,22591726,131679,150675,83783942
2022-04-07,Germany,22441051,131370,175263,83783942
2022-04-06,Germany,22265788,131036,416714,83783942
2022-04-05,Germany,21849074,130368,180397,83783942
2022-04-04,Germany,21668677,130052,0,83783942
2022-04-03,Germany,21668677,130052,115182,83783942
2022-04-02,Germany,21553495,129987,196456,83783942
2022-04-01,Germany,21357039,129695,-56,83783942
2022-03-31,Germany,21357095,129708,527487,83783942
2022-03-30,Germany,20829608,129112,268477,83783942
2022-03-29,Germany,20561131,128764,237352,83783942
2022-03-28,Germany,20323779,128457,67501,83783942
2022-03-27,Germany,20256278,128437,111224,83783942
2022-03-26,Germany,20145054,128388,252026,83783942
2022-03-25,Germany,19893028,128110,296498,83783942
2022-03-24,Germany,19596530,127822,318387,83783942
2022-03-23,Germany,19278143,127522,283732,83783942
2022-03-22,Germany,18994411,127193,222080,83783942
2022-03-21,Germany,18772331,126929,92314,83783942
2022-03-20,Germany,18680017,126916,131792,83783942
2022-03-19,Germany,18548225,126867,260239,83783942
2022-03-18,Germany,18287986,126646,297845,83783942
2022-03-17,Germany,17990141,126420,294931,83783942
2022-03-16,Germany,17695210,126142,262593,83783942
2022-03-15,Germany,17432617,125873,198888,83783942
2022-03-14,Germany,17233729,125590,92378,83783942
2022-03-13,Germany,17141351,125571,146607,83783942
2022-03-12,Germany,16994744,125521,237086,83783942
2022-03-11,Germany,16757658,125272,252836,83783942
2022-03-10,Germany,16504822,125023,262752,83783942
2022-03-09,Germany,16242070,124764,215854,83783942
2022-03-08,Germany,16026216,124450,156799,83783942
2022-03-07,Germany,15869417,124126,78428,83783942
2022-03-06,Germany,15790989,124102,116889,83783942
2022-03-05,Germany,15674100,124051,192210,83783942
2022-03-04,Germany,15481890,123796,217593,83783942
2022-03-03,Germany,15264297,123505,210673,83783942
2022-03-02,Germany,15053624,123238,186406,83783942
2022-03-01,Germany,14867218,122937,122111,83783942
2022-02-28,Germany,14745107,122702,62349,83783942
2022-02-27,Germany,14682758,122678,107913,83783942
2022-02-26,Germany,14574845,122621,175833,83783942
2022-02-25,Germany,14399012,122371,210743,83783942
2022-02-24,Germany,14188269,122145,216322,83783942
2022-02-23,Germany,13971947,121902,209052,83783942
2022-02-22,Germany,13762895,121603,125902,83783942
2022-02-21,Germany,13636993,121297,73867,83783942
2022-02-20,Germany,13563126,121275,118032,83783942
2022-02-19,Germany,13445094,121202,189105,83783942
2022-02-18,Germany,13255989,120992,220048,83783942
2022-02-17,Germany,13035941,120728,235626,83783942
2022-02-16,Germany,12800315,120467,219972,83783942
2022-02-15,Germany,12580343,120220,159217,83783942
2022-02-14,Germany,12421126,119977,76465,83783942
2022-02-13,Germany,12344661,119935,125160,83783942
2022-02-12,Germany,12219501,119877,209789,83783942
2022-02-11,Germany,12009712,119679,240172,83783942
2022-02-10,Germany,11769540,119453,247862,83783942
2022-02-09,Germany,11521678,119215,234250,83783942
2022-02-08,Germany,11287428,118943,169571,83783942
2022-02-07,Germany,11117857,118766,95267,83783942
2022-02-06,Germany,11022590,118717,133173,83783942
2022-02-05,Germany,10889417,118676,217815,83783942
2022-02-04,Germany,10671602,118504,248838,83783942
2022-02-03,Germany,10422764,118334,236120,83783942
2022-02-02,Germany,10186644,118170,208498,83783942
2022-02-01,Germany,9978146,117974,162613,83783942
2022-01-31,Germany,9815533,117786,78318,83783942
2022-01-30,Germany,9737215,117725,118970,83783942
2022-01-29,Germany,9618245,117666,189166,83783942
2022-01-28,Germany,9429079,117484,190148,83783942
2022-01-27,Germany,9238931,117314,203136,83783942
2022-01-26,Germany,9035795,117126,164000,83783942
2022-01-25,Germany,8871795,116960,126955,83783942
2022-01-24,Germany,8744840,116746,63393,83783942
2022-01-23,Germany,8681447,116718,85440,83783942
2022-01-22,Germany,8596007,116664,135461,83783942
2022-01-21,Germany,8460546,116485,140160,83783942
2022-01-20,Germany,8320386,116315,133536,83783942
2022-01-19,Germany,8186850,116081,112323,83783942
2022-01-18,Germany,8074527,115842,74405,83783942
2022-01-17,Germany,8000122,115649,34145,83783942
2022-01-16,Germany,7965977,115619,52504,83783942
2022-01-15,Germany,7913473,115572,78022,83783942
2022-01-14,Germany,7835451,115337,92223,83783942
2022-01-13,Germany,7743228,115051,81417,83783942
2022-01-12,Germany,7661811,114735,80430,83783942
2022-01-11,Germany,7581381,114351,45690,83783942
2022-01-10,Germany,7535691,114029,25255,83783942
2022-01-09,Germany,7510436,113977,36552,83783942
2022-01-08,Germany,7473884,113900,55889,83783942
2022-01-07,Germany,7417995,113632,56335,83783942
2022-01-06,Germany,7361660,113368,64340,83783942
2022-01-05,Germany,7297320,112925,58912,83783942
2022-01-04,Germany,7238408,112579,30561,83783942
2022-01-03,Germany,7207847,112223,18518,83783942
2022-01-02,Germany,7189329,112155,12515,83783942
2022-01-01,Germany,7176814,112109,26392,83783942
2021-12-31,Germany,7150422,111925,41240,83783942
2021-12-30,Germany,7109182,111602,42770,83783942
2021-12-29,Germany,7066412,111219,40043,83783942
2021-12-28,Germany,7026369,110805,21080,83783942
2021-12-27,Germany,7005289,110433,13908,83783942
2021-12-26,Germany,6991381,110364,10100,83783942
2021-12-25,Germany,6981281,110276,22214,83783942
2021-12-24,Germany,6959067,110119,35431,83783942
2021-12-23,Germany,6923636,109749,44927,83783942
2021-12-22,Germany,6878709,109324,45659,83783942
2021-12-21,Germany,6833050,108814,23428,83783942
2021-12-20,Germany,6809622,108352,16086,83783942
2021-12-19,Germany,6793536,108233,29348,83783942
2021-12-18,Germany,6764188,108053,42813,83783942
2021-12-17,Germany,6721375,107639,50968,83783942
2021-12-16,Germany,6670407,107202,56677,83783942
2021-12-15,Germany,6613730,106680,51301,83783942
2021-12-14,Germany,6562429,106227,30823,83783942
2021-12-13,Germany,6531606,105754,21743,83783942
2021-12-12,Germany,6509863,105638,32646,83783942
2021-12-11,Germany,6477217,105506,53697,83783942
2021-12-10,Germany,6423520,104996,61288,83783942
2021-12-09,Germany,6362232,104512,70611,83783942
2021-12-08,Germany,6291621,104047,69601,83783942
2021-12-07,Germany,6222020,103520,36059,83783942
2021-12-06,Germany,6185961,103121,27836,83783942
2021-12-05,Germany,6158125,103040,42055,83783942
2021-12-04,Germany,6116070,102946,64510,83783942
2021-12-03,Germany,6051560,102568,74352,83783942
2021-12-02,Germany,5977208,102178,73209,83783942
2021-12-01,Germany,5903999,101790,67186,83783942
2021-11-30,Germany,5836813,101344,45753,83783942
2021-11-29,Germany,5791060,100956,29364,83783942
2021-11-28,Germany,5761696,100883,44401,83783942
2021-11-27,Germany,5717295,100779,67125,83783942
2021-11-26,Germany,5650170,100476,76414,83783942
2021-11-25,Germany,5573756,100119,75961,83783942
2021-11-24,Germany,5497795,99768,66884,83783942
2021-11-23,Germany,5430911,99433,45326,83783942
2021-11-22,Germany,5385585,99124,30643,83783942
2021-11-21,Germany,5354942,99062,42727,83783942
2021-11-20,Germany,5312215,98987,63924,83783942
2021-11-19,Germany,5248291,98739,52970,83783942
2021-11-18,Germany,5195321,98538,65371,83783942
2021-11-17,Germany,5129950,98274,52826,83783942
2021-11-16,Germany,5077124,97980,32048,83783942
2021-11-15,Germany,5045076,97715,23607,83783942
2021-11-14,Germany,5021469,97672,33498,83783942
2021-11-13,Germany,4987971,97617,45081,83783942
2021-11-12,Germany,4942890,97389,48640,83783942
2021-11-11,Germany,4894250,97198,50196,83783942
2021-11-10,Germany,4844054,96963,39676,83783942
2021-11-09,Germany,4804378,96727,21832,83783942
2021-11-08,Germany,4782546,96558,15513,83783942
2021-11-07,Germany,4767033,96525,23543,83783942
2021-11-06,Germany,4743490,96488,34002,83783942
2021-11-05,Germany,4709488,96346,37120,83783942
2021-11-04,Germany,4672368,96192,33949,83783942
2021-11-03,Germany,4638419,96027,20398,83783942
2021-11-02,Germany,4618021,95833,10813,83783942
2021-11-01,Germany,4607208,95752,9658,83783942
2021-10-31,Germany,4597550,95729,16887,83783942
2021-10-30,Germany,4580663,95696,21543,83783942
2021-10-29,Germany,4559120,95606,24668,83783942
2021-10-28,Germany,4534452,95485,28037,83783942
2021-10-27,Germany,4506415,95359,23212,83783942
2021-10-26,Germany,4483203,95245,10473,83783942
2021-10-25,Germany,4472730,95117,6573,83783942
2021-10-24,Germany,4466157,95100,13732,83783942
2021-10-23,Germany,4452425,95077,15145,83783942
2021-10-22,Germany,4437280,94991,19572,83783942
2021-10-21,Germany,4417708,94875,16077,83783942
2021-10-20,Germany,4401631,94808,17015,83783942
2021-10-19,Germany,4384616,94716,6771,83783942
2021-10-18,Germany,4377845,94628,4056,83783942
2021-10-17,Germany,4373789,94618,8682,83783942
2021-10-16,Germany,4365107,94601,10949,83783942
2021-10-15,Germany,4354158,94526,11518,83783942
2021-10-14,Germany,4342640,94461,12382,83783942
2021-10-13,Germany,4330258,94389,11903,83783942
2021-10-12,Germany,4318355,94297,4971,83783942
2021-10-11,Germany,4313384,94209,3111,83783942
2021-10-10,Germany,4310273,94202,7612,83783942
2021-10-09,Germany,4302661,94178,8854,83783942
2021-10-08,Germany,4293807,94113,10429,83783942
2021-10-07,Germany,4283378,94027,11644,83783942
2021-10-06,Germany,4271734,93959,11547,83783942
2021-10-05,Germany,4260187,93883,4799,83783942
2021-10-04,Germany,4255388,93793,3088,83783942
2021-10-03,Germany,4252300,93786,6164,83783942
2021-10-02,Germany,4246136,93777,8517,83783942
2021-10-01,Germany,4237619,93711,10118,83783942
2021-09-30,Germany,4227501,93638,12150,83783942
2021-09-29,Germany,4215351,93571,11780,83783942
2021-09-28,Germany,4203571,93504,4171,83783942
2021-09-27,Germany,4199400,93403,3022,83783942
2021-09-26,Germany,4196378,93393,7774,83783942
2021-09-25,Germany,4188604,93365,7211,83783942
2021-09-24,Germany,4181393,93303,9727,83783942
2021-09-23,Germany,4171666,93238,10696,83783942
2021-09-22,Germany,4160970,93123,10454,83783942
2021-09-21,Germany,4150516,93052,4664,83783942
2021-09-20,Germany,4145852,92971,3736,83783942
2021-09-19,Germany,4142116,92958,7337,83783942
2021-09-18,Germany,4134779,92920,8901,83783942
2021-09-17,Germany,4125878,92857,11022,83783942
2021-09-16,Germany,4114856,92837,12925,83783942
2021-09-15,Germany,4101931,92769,12455,83783942
2021-09-14,Germany,4089476,92686,6325,83783942
2021-09-13,Germany,4083151,92618,5511,83783942
2021-09-12,Germany,4077640,92606,7345,83783942
2021-09-11,Germany,4070295,92598,11214,83783942
2021-09-10,Germany,4059081,92553,12969,83783942
2021-09-09,Germany,4046112,92498,15431,83783942
2021-09-08,Germany,4030681,92448,13565,83783942
2021-09-07,Germany,4017116,92413,6726,83783942
2021-09-06,Germany,4010390,92354,4749,83783942
2021-09-05,Germany,4005641,92346,10453,83783942
2021-09-04,Germany,3995188,92325,10835,83783942
2021-09-03,Germany,3984353,92301,14251,83783942
2021-09-02,Germany,3970102,92256,13715,83783942
2021-09-01,Germany,3956387,92223,13531,83783942
2021-08-31,Germany,3942856,92200,5750,83783942
2021-08-30,Germany,3937106,92140,4559,83783942
2021-08-29,Germany,3932547,92130,8416,83783942
2021-08-28,Germany,3924131,92118,10303,83783942
2021-08-27,Germany,3913828,92096,12029,83783942
2021-08-26,Germany,3901799,92082,12626,83783942
2021-08-25,Germany,3889173,92061,11561,83783942
2021-08-24,Germany,3877612,92022,5747,83783942
2021-08-23,Germany,3871865,91980,3668,83783942
2021-08-22,Germany,3868197,91976,7050,83783942
2021-08-21,Germany,3861147,91973,8092,83783942
2021-08-20,Germany,3853055,91956,9280,83783942
2021-08-19,Germany,3843775,91943,8400,83783942
2021-08-18,Germany,3835375,91921,8324,83783942
2021-08-17,Germany,3827051,91899,3912,83783942
2021-08-16,Germany,3823139,91871,2126,83783942
2021-08-15,Germany,3821013,91867,4728,83783942
2021-08-14,Germany,3816285,91864,5644,83783942
2021-08-13,Germany,3810641,91853,5578,83783942
2021-08-12,Germany,3805063,91834,5638,83783942
2021-08-11,Germany,3799425,91817,4996,83783942
2021-08-10,Germany,3794429,91803,2480,83783942
2021-08-09,Germany,3791949,91784,1183,83783942
2021-08-08,Germany,3790766,91782,3127,83783942
2021-08-07,Germany,3787639,91778,3206,83783942
2021-08-06,Germany,3784433,91754,3448,83783942
2021-08-05,Germany,3780985,91730,3539,83783942
2021-08-04,Germany,3777446,91704,3571,83783942
2021-08-03,Germany,3773875,91679,1766,83783942
2021-08-02,Germany,3772109,91660,847,83783942
2021-08-01,Germany,3771262,91659,2097,83783942
2021-07-31,Germany,3769165,91658,2400,83783942
2021-07-30,Germany,3766765,91637,2454,83783942
2021-07-29,Germany,3764311,91607,3142,83783942
2021-07-28,Germany,3761169,91586,2768,83783942
2021-07-27,Germany,3758401,91565,1545,83783942
2021-07-26,Germany,3756856,91527,958,83783942
2021-07-25,Germany,3755898,91524,1387,83783942
2021-07-24,Germany,3754511,91520,1919,83783942
2021-07-23,Germany,3752592,91492,2089,83783942
2021-07-22,Germany,3750503,91458,1890,83783942
2021-07-21,Germany,3748613,91416,2203,83783942
2021-07-20,Germany,3746410,91397,1183,83783942
2021-07-19,Germany,3745227,91363,546,83783942
2021-07-18,Germany,3744681,91362,1292,83783942
2021-07-17,Germany,3743389,91359,1608,83783942
2021-07-16,Germany,3741781,91337,1456,83783942
2021-07-15,Germany,3740325,91319,1642,83783942
2021-07-14,Germany,3738683,91287,1548,83783942
2021-07-13,Germany,3737135,91259,646,83783942
2021-07-12,Germany,3736489,91233,324,83783942
2021-07-11,Germany,3736165,91231,745,83783942
2021-07-10,Germany,3735420,91225,952,83783942
2021-07-09,Germany,3734468,91190,949,83783942
2021-07-08,Germany,3733519,91141,970,83783942
2021-07-07,Germany,3732549,91110,985,83783942
2021-07-06,Germany,3731564,91062,440,83783942
2021-07-05,Germany,3731124,91031,212,83783942
2021-07-04,Germany,3730912,91030,559,83783942
2021-07-03,Germany,3730353,91023,671,83783942
2021-07-02,Germany,3729682,91007,649,83783942
2021-07-01,Germany,3729033,90938,892,83783942
2021-06-30,Germany,3728141,90875,808,83783942
2021-06-29,Germany,3727333,90819,404,83783942
2021-06-28,Germany,3726929,90762,219,83783942
2021-06-27,Germany,3726710,90754,538,83783942
2021-06-26,Germany,3726172,90746,592,83783942
2021-06-25,Germany,3725580,90678,774,83783942
2021-06-24,Germany,3724806,90616,1008,83783942
2021-06-23,Germany,3723798,90523,1016,83783942
2021-06-22,Germany,3722782,90472,455,83783942
2021-06-21,Germany,3722327,90395,346,83783942
2021-06-20,Germany,3721981,90385,842,83783942
2021-06-19,Germany,3721139,90369,1108,83783942
2021-06-18,Germany,3720031,90270,1076,83783942
2021-06-17,Germany,3718955,90179,1330,83783942
2021-06-16,Germany,3717625,90074,1455,83783942
2021-06-15,Germany,3716170,89937,652,83783942
2021-06-14,Germany,3715518,89844,549,83783942
2021-06-13,Germany,3714969,89834,1489,83783942
2021-06-12,Germany,3713480,89816,1911,83783942
2021-06-11,Germany,3711569,89687,2440,83783942
2021-06-10,Germany,3709129,89585,3187,83783942
2021-06-09,Germany,3705942,89491,3254,83783942
2021-06-08,Germany,3702688,89384,1204,83783942
2021-06-07,Germany,3701484,89244,1117,83783942
2021-06-06,Germany,3700367,89222,2440,83783942
2021-06-05,Germany,3697927,89148,2294,83783942
2021-06-04,Germany,3695633,89026,3165,83783942
2021-06-03,Germany,3692468,88940,4640,83783942
2021-06-02,Germany,3687828,88774,4917,83783942
2021-06-01,Germany,3682911,88595,1785,83783942
2021-05-31,Germany,3681126,88442,1978,83783942
2021-05-30,Germany,3679148,88406,3852,83783942
2021-05-29,Germany,3675296,88350,5426,83783942
2021-05-28,Germany,3669870,88187,7380,83783942
2021-05-27,Germany,3662490,87995,6313,83783942
2021-05-26,Germany,3656177,87726,2626,83783942
2021-05-25,Germany,3653551,87456,1911,83783942
2021-05-24,Germany,3651640,87423,2682,83783942
2021-05-23,Germany,3648958,87380,6714,83783942
2021-05-22,Germany,3642244,87298,7082,83783942
2021-05-21,Germany,3635162,87128,8769,83783942
2021-05-20,Germany,3626393,86902,12298,83783942
2021-05-19,Germany,3614095,86665,11040,83783942
2021-05-18,Germany,3603055,86381,4209,83783942
2021-05-17,Germany,3598846,86160,5412,83783942
2021-05-16,Germany,3593434,86096,8500,83783942
2021-05-15,Germany,3584934,86025,7894,83783942
2021-05-14,Germany,3577040,85848,11336,83783942
2021-05-13,Germany,3565704,85658,17419,83783942
2021-05-12,Germany,3548285,85380,14909,83783942
2021-05-11,Germany,3533376,85112,6125,83783942
2021-05-10,Germany,3527251,84829,6922,83783942
2021-05-09,Germany,3520329,84775,12656,83783942
2021-05-08,Germany,3507673,84648,15685,83783942
2021-05-07,Germany,3491988,84410,18485,83783942
2021-05-06,Germany,3473503,84126,21953,83783942
2021-05-05,Germany,3451550,83876,18034,83783942
2021-05-04,Germany,3433516,83591,7534,83783942
2021-05-03,Germany,3425982,83276,9160,83783942
2021-05-02,Germany,3416822,83192,16290,83783942
2021-05-01,Germany,3400532,83082,18935,83783942
2021-04-30,Germany,3381597,82850,24329,83783942
2021-04-29,Germany,3357268,82544,24736,83783942
2021-04-28,Germany,3332532,82280,22231,83783942
2021-04-27,Germany,3310301,81968,10976,83783942
2021-04-26,Germany,3299325,81624,11907,83783942
2021-04-25,Germany,3287418,81564,18773,83783942
2021-04-24,Germany,3268645,81444,23392,83783942
2021-04-23,Germany,3245253,81158,27543,83783942
2021-04-22,Germany,3217710,80893,29518,83783942
2021-04-21,Germany,3188192,80634,24884,83783942
2021-04-20,Germany,3163308,80303,9609,83783942
2021-04-19,Germany,3153699,80006,11437,83783942
2021-04-18,Germany,3142262,79914,19185,83783942
2021-04-17,Germany,3123077,79847,23804,83783942
2021-04-16,Germany,3099273,79628,25831,83783942
2021-04-15,Germany,3073442,79381,29426,83783942
2021-04-14,Germany,3044016,79088,21693,83783942
2021-04-13,Germany,3022323,78746,10810,83783942
2021-04-12,Germany,3011513,78452,13245,83783942
2021-04-11,Germany,2998268,78353,17855,83783942
2021-04-10,Germany,2980413,78249,24097,83783942
2021-04-09,Germany,2956316,78003,25464,83783942
2021-04-08,Germany,2930852,77707,20407,83783942
2021-04-07,Germany,2910445,77401,9677,83783942
2021-04-06,Germany,2900768,77103,6885,83783942
2021-04-05,Germany,2893883,77013,8497,83783942
2021-04-04,Germany,2885386,76963,12196,83783942
2021-04-03,Germany,2873190,76895,18129,83783942
2021-04-02,Germany,2855061,76775,21888,83783942
2021-04-01,Germany,2833173,76543,24300,83783942
2021-03-31,Germany,2808873,76342,17051,83783942
2021-03-30,Germany,2791822,76093,9549,83783942
2021-03-29,Germany,2782273,75913,9872,83783942
2021-03-28,Germany,2772401,75870,17176,83783942
2021-03-27,Germany,2755225,75780,20472,83783942
2021-03-26,Germany,2734753,75623,21573,83783942
2021-03-25,Germany,2713180,75440,22657,83783942
2021-03-24,Germany,2690523,75212,15813,83783942
2021-03-23,Germany,2674710,74964,7485,83783942
2021-03-22,Germany,2667225,74714,7709,83783942
2021-03-21,Germany,2659516,74664,13733,83783942
2021-03-20,Germany,2645783,74565,16033,83783942
2021-03-19,Germany,2629750,74358,17482,83783942
2021-03-18,Germany,2612268,74132,17504,83783942
2021-03-17,Germany,2594764,73905,13435,83783942
2021-03-16,Germany,2581329,73656,5480,83783942
2021-03-15,Germany,2575849,73418,6604,83783942
2021-03-14,Germany,2569245,73371,10790,83783942
2021-03-13,Germany,2558455,73301,12674,83783942
2021-03-12,Germany,2545781,73062,12834,83783942
2021-03-11,Germany,2532947,72810,14356,83783942
2021-03-10,Germany,2518591,72489,9146,83783942
2021-03-09,Germany,2509445,72189,4252,83783942
2021-03-08,Germany,2505193,71934,5011,83783942
2021-03-07,Germany,2500182,71900,8103,83783942
2021-03-06,Germany,2492079,71804,9557,83783942
2021-03-05,Germany,2482522,71504,10580,83783942
2021-03-04,Germany,2471942,71240,11912,83783942
2021-03-03,Germany,2460030,70881,9019,83783942
2021-03-02,Germany,2451011,70463,3943,83783942
2021-03-01,Germany,2447068,70105,4732,83783942
2021-02-28,Germany,2442336,70045,7890,83783942
2021-02-27,Germany,2434446,69888,9762,83783942
2021-02-26,Germany,2424684,69519,9997,83783942
2021-02-25,Germany,2414687,69125,11869,83783942
2021-02-24,Germany,2402818,68740,8007,83783942
2021-02-23,Germany,2394811,68318,3883,83783942
2021-02-22,Germany,2390928,67903,4369,83783942
2021-02-21,Germany,2386559,67841,7676,83783942
2021-02-20,Germany,2378883,67696,9164,83783942
2021-02-19,Germany,2369719,67206,9113,83783942
2021-02-18,Germany,2360606,66698,10207,83783942
2021-02-17,Germany,2350399,66164,7556,83783942
2021-02-16,Germany,2342843,65604,3856,83783942
2021-02-15,Germany,2338987,65076,4426,83783942
2021-02-14,Germany,2334561,64960,6114,83783942
2021-02-13,Germany,2328447,64742,8354,83783942
2021-02-12,Germany,2320093,64191,9860,83783942
2021-02-11,Germany,2310233,63635,10237,83783942
2021-02-10,Germany,2299996,62969,8072,83783942
2021-02-09,Germany,2291924,62156,3379,83783942
2021-02-08,Germany,2288545,61675,4535,83783942
2021-02-07,Germany,2284010,61517,8616,83783942
2021-02-06,Germany,2275394,61286,10485,83783942
2021-02-05,Germany,2264909,60597,12908,83783942
2021-02-04,Germany,2252001,59742,14211,83783942
2021-02-03,Germany,2237790,58956,9705,83783942
2021-02-02,Germany,2228085,57981,6114,83783942
2021-02-01,Germany,2221971,57120,5608,83783942
2021-01-31,Germany,2216363,56945,11192,83783942
2021-01-30,Germany,2205171,56546,12321,83783942
2021-01-29,Germany,2192850,55752,14022,83783942
2021-01-28,Germany,2178828,54913,17553,83783942
2021-01-27,Germany,2161275,53972,13198,83783942
2021-01-26,Germany,2148077,52990,6412,83783942
2021-01-25,Germany,2141665,52087,6729,83783942
2021-01-24,Germany,2134936,51870,12257,83783942
2021-01-23,Germany,2122679,51521,16417,83783942
2021-01-22,Germany,2106262,50642,17862,83783942
2021-01-21,Germany,2088400,49783,20398,83783942
2021-01-20,Germany,2068002,48770,15974,83783942
2021-01-19,Germany,2052028,47622,11369,83783942
2021-01-18,Germany,2040659,46633,7141,83783942
2021-01-17,Germany,2033518,46419,13882,83783942
2021-01-16,Germany,2019636,45974,18678,83783942
2021-01-15,Germany,2000958,44994,22368,83783942
2021-01-14,Germany,1978590,43881,25164,83783942
2021-01-13,Germany,1953426,42637,19600,83783942
2021-01-12,Germany,1933826,41577,12802,83783942
2021-01-11,Germany,1921024,40686,12497,83783942
2021-01-10,Germany,1908527,40343,16946,83783942
2021-01-09,Germany,1891581,39878,24694,83783942
2021-01-08,Germany,1866887,38795,31849,83783942
2021-01-07,Germany,1835038,37607,26391,83783942
2021-01-06,Germany,1808647,36537,21237,83783942
2021-01-05,Germany,1787410,35518,11897,83783942
2021-01-04,Germany,1775513,34574,9847,83783942
2021-01-03,Germany,1765666,34272,10315,83783942
2021-01-02,Germany,1755351,33960,12690,83783942
2021-01-01,Germany,1742661,33624,22924,83783942
2020-12-31,Germany,1719737,33071,32552,83783942
2020-12-30,Germany,1687185,32107,22459,83783942
2020-12-29,Germany,1664726,30978,12892,83783942
2020-12-28,Germany,1651834,30126,10976,83783942
2020-12-27,Germany,1640858,29778,13755,83783942
2020-12-26,Germany,1627103,29422,14455,83783942
2020-12-25,Germany,1612648,29182,25533,83783942
2020-12-24,Germany,1587115,28770,32195,83783942
2020-12-23,Germany,1554920,27968,24740,83783942
2020-12-22,Germany,1530180,27006,19528,83783942
2020-12-21,Germany,1510652,26275,16643,83783942
2020-12-20,Germany,1494009,26049,22771,83783942
2020-12-19,Germany,1471238,25640,31300,83783942
2020-12-18,Germany,1439938,24938,33777,83783942
2020-12-17,Germany,1406161,24125,26923,83783942
2020-12-16,Germany,1379238,23427,27728,83783942
2020-12-15,Germany,1351510,22475,14432,83783942
2020-12-14,Germany,1337078,21975,16362,83783942
2020-12-13,Germany,1320716,21787,20200,83783942
2020-12-12,Germany,1300516,21466,28438,83783942
2020-12-11,Germany,1272078,20970,29875,83783942
2020-12-10,Germany,1242203,20372,23679,83783942
2020-12-09,Germany,1218524,19932,20815,83783942
2020-12-08,Germany,1197709,19342,14054,83783942
2020-12-07,Germany,1183655,18919,12332,83783942
2020-12-06,Germany,1171323,18772,17767,83783942
2020-12-05,Germany,1153556,18517,23318,83783942
2020-12-04,Germany,1130238,18034,23449,83783942
2020-12-03,Germany,1106789,17602,22046,83783942
2020-12-02,Germany,1084743,17123,17270,83783942
2020-12-01,Germany,1067473,16636,13604,83783942
2020-11-30,Germany,1053869,16248,11169,83783942
2020-11-29,Germany,1042700,16123,14611,83783942
2020-11-28,Germany,1028089,15965,21695,83783942
2020-11-27,Germany,1006394,15586,22806,83783942
2020-11-26,Germany,983588,15160,22268,83783942
2020-11-25,Germany,961320,14771,18633,83783942
2020-11-24,Germany,942687,14361,13554,83783942
2020-11-23,Germany,929133,14112,10864,83783942
2020-11-22,Germany,918269,14022,15741,83783942
2020-11-21,Germany,902528,13884,22964,83783942
2020-11-20,Germany,879564,13630,23648,83783942
2020-11-19,Germany,855916,13370,22609,83783942
2020-11-18,Germany,833307,13119,17561,83783942
2020-11-17,Germany,815746,12814,14419,83783942
2020-11-16,Germany,801327,12547,10824,83783942
2020-11-15,Germany,790503,12485,16947,83783942
2020-11-14,Germany,773556,12378,22461,83783942
2020-11-13,Germany,751095,12200,23542,83783942
2020-11-12,Germany,727553,11982,21866,83783942
2020-11-11,Germany,705687,11767,18487,83783942
2020-11-10,Germany,687200,11506,15332,83783942
2020-11-09,Germany,671868,11352,13363,83783942
2020-11-08,Germany,658505,11289,16017,83783942
2020-11-07,Germany,642488,11226,23399,83783942
2020-11-06,Germany,619089,11096,21506,83783942
2020-11-05,Germany,597583,10930,19990,83783942
2020-11-04,Germany,577593,10812,17214,83783942
2020-11-03,Germany,560379,10661,15352,83783942
2020-11-02,Germany,545027,10530,12097,83783942
2020-11-01,Germany,532930,10481,14177,83783942
2020-10-31,Germany,518753,10452,19059,83783942
2020-10-30,Germany,499694,10349,18681,83783942
2020-10-29,Germany,481013,10272,16774,83783942
2020-10-28,Germany,464239,10183,14964,83783942
2020-10-27,Germany,449275,10098,11409,83783942
2020-10-26,Germany,437866,10056,8685,83783942
2020-10-25,Germany,429181,10032,11176,83783942
2020-10-24,Germany,418005,10003,14714,83783942
2020-10-23,Germany,403291,9954,11242,83783942
2020-10-22,Germany,392049,9905,11287,83783942
2020-10-21,Germany,380762,9875,7595,83783942
2020-10-20,Germany,373167,9836,6868,83783942
2020-10-19,Germany,366299,9789,4325,83783942
2020-10-18,Germany,361974,9777,5587,83783942
2020-10-17,Germany,356387,9767,7830,83783942
2020-10-16,Germany,348557,9734,7334,83783942
2020-10-15,Germany,341223,9710,6638,83783942
2020-10-14,Germany,334585,9677,5132,83783942
2020-10-13,Germany,329453,9634,4122,83783942
2020-10-12,Germany,325331,9621,2467,83783942
2020-10-11,Germany,322864,9615,3483,83783942
2020-10-10,Germany,319381,9604,4721,83783942
2020-10-09,Germany,314660,9589,4516,83783942
2020-10-08,Germany,310144,9578,4058,83783942
2020-10-07,Germany,306086,9562,2828,83783942
2020-10-06,Germany,303258,9546,2639,83783942
2020-10-05,Germany,300619,9534,1382,83783942
2020-10-04,Germany,299237,9529,2279,83783942
2020-10-03,Germany,296958,9527,2563,83783942
2020-10-02,Germany,294395,9508,2673,83783942
2020-10-01,Germany,291722,9500,2503,83783942
2020-09-30,Germany,289219,9488,1798,83783942
2020-09-29,Germany,287421,9471,2089,83783942
2020-09-28,Germany,285332,9460,1192,83783942
2020-09-27,Germany,284140,9457,1410,83783942
2020-09-26,Germany,282730,9452,2507,83783942
2020-09-25,Germany,280223,9443,2153,83783942
2020-09-24,Germany,278070,9428,2143,83783942
2020-09-23,Germany,275927,9409,1769,83783942
2020-09-22,Germany,274158,9396,1821,83783942
2020-09-21,Germany,272337,9386,922,83783942
2020-09-20,Germany,271415,9386,1345,83783942
2020-09-19,Germany,270070,9384,2297,83783942
2020-09-18,Germany,267773,9378,1916,83783942
2020-09-17,Germany,265857,9371,2194,83783942
2020-09-16,Germany,263663,9368,1901,83783942
2020-09-15,Germany,261762,9362,1407,83783942
2020-09-14,Germany,260355,9350,927,83783942
2020-09-13,Germany,259428,9349,948,83783942
2020-09-12,Germany,258480,9347,1630,83783942
2020-09-11,Germany,256850,9342,1484,83783942
2020-09-10,Germany,255366,9341,1892,83783942
2020-09-09,Germany,253474,9338,1176,83783942
2020-09-08,Germany,252298,9329,1499,83783942
2020-09-07,Germany,250799,9325,814,83783942
2020-09-06,Germany,249985,9325,988,83783942
2020-09-05,Germany,248997,9324,1378,83783942
2020-09-04,Germany,247619,9322,1453,83783942
2020-09-03,Germany,246166,9321,1311,83783942
2020-09-02,Germany,244855,9313,1256,83783942
2020-09-01,Germany,243599,9302,1218,83783942
2020-08-31,Germany,242381,9298,610,83783942
2020-08-30,Germany,241771,9295,785,83783942
2020-08-29,Germany,240986,9289,1479,83783942
2020-08-28,Germany,239507,9288,1571,83783942
2020-08-27,Germany,237936,9285,1507,83783942
2020-08-26,Germany,236429,9280,1576,83783942
2020-08-25,Germany,234853,9277,1278,83783942
2020-08-24,Germany,233575,9272,711,83783942
2020-08-23,Germany,232864,9269,782,83783942
2020-08-22,Germany,232082,9267,2034,83783942
2020-08-21,Germany,230048,9260,1427,83783942
2020-08-20,Germany,228621,9253,1707,83783942
2020-08-19,Germany,226914,9243,1510,83783942
2020-08-18,Germany,225404,9236,1390,83783942
2020-08-17,Germany,224014,9232,561,83783942
2020-08-16,Germany,223453,9231,625,83783942
2020-08-15,Germany,222828,9231,1415,83783942
2020-08-14,Germany,221413,9225,1449,83783942
2020-08-13,Germany,219964,9211,1445,83783942
2020-08-12,Germany,218519,9207,1226,83783942
2020-08-11,Germany,217293,9201,966,83783942
2020-08-10,Germany,216327,9197,436,83783942
2020-08-09,Germany,215891,9196,555,83783942
2020-08-08,Germany,215336,9195,1122,83783942
2020-08-07,Germany,214214,9183,1147,83783942
2020-08-06,Germany,213067,9175,1045,83783942
2020-08-05,Germany,212022,9168,741,83783942
2020-08-04,Germany,211281,9156,879,83783942
2020-08-03,Germany,210402,9148,509,83783942
2020-08-02,Germany,209893,9141,240,83783942
2020-08-01,Germany,209653,9148,955,83783942
2020-07-31,Germany,208698,9141,870,83783942
2020-07-30,Germany,207828,9134,902,83783942
2020-07-29,Germany,206926,9128,684,83783942
2020-07-28,Germany,206242,9122,633,83783942
2020-07-27,Germany,205609,9118,340,83783942
2020-07-26,Germany,205269,9118,305,83783942
2020-07-25,Germany,204964,9118,781,83783942
2020-07-24,Germany,204183,9111,815,83783942
2020-07-23,Germany,203368,9101,569,83783942
2020-07-22,Germany,202799,9095,454,83783942
2020-07-21,Germany,202345,9090,522,83783942
2020-07-20,Germany,201823,9086,249,83783942
2020-07-19,Germany,201574,9084,202,83783942
2020-07-18,Germany,201372,9083,529,83783942
2020-07-17,Germany,200843,9082,583,83783942
2020-07-16,Germany,200260,9078,534,83783942
2020-07-15,Germany,199726,9071,351,83783942
2020-07-14,Germany,199375,9068,412,83783942
2020-07-13,Germany,198963,9064,159,83783942
2020-07-12,Germany,198804,9063,248,83783942
2020-07-11,Germany,198556,9060,378,83783942
2020-07-10,Germany,198178,9054,395,83783942
2020-07-09,Germany,197783,9048,442,83783942
2020-07-08,Germany,197341,9036,397,83783942
2020-07-07,Germany,196944,9024,390,83783942
2020-07-06,Germany,196554,9016,219,83783942
2020-07-05,Germany,196335,9012,239,83783942
2020-07-04,Germany,196096,9010,422,83783942
2020-07-03,Germany,195674,9003,446,83783942
2020-07-02,Germany,195228,8994,503,83783942
2020-07-01,Germany,194725,8985,466,83783942
2020-06-30,Germany,194259,8973,498,83783942
2020-06-29,Germany,193761,8961,262,83783942
2020-06-28,Germany,193499,8957,256,83783942
2020-06-27,Germany,193243,8954,687,83783942
2020-06-26,Germany,192556,8948,477,83783942
2020-06-25,Germany,192079,8927,630,83783942
2020-06-24,Germany,191449,8914,587,83783942
2020-06-23,Germany,190862,8895,503,83783942
2020-06-22,Germany,190359,8885,537,83783942
2020-06-21,Germany,189822,8882,687,83783942
2020-06-20,Germany,189135,8883,601,83783942
2020-06-19,Germany,188534,8872,770,83783942
2020-06-18,Germany,187764,8856,580,83783942
2020-06-17,Germany,187184,8830,345,83783942
2020-06-16,Germany,186839,8800,378,83783942
2020-06-15,Germany,186461,8791,192,83783942
2020-06-14,Germany,186269,8787,247,83783942
2020-06-13,Germany,186022,8781,348,83783942
2020-06-12,Germany,185674,8763,258,83783942
2020-06-11,Germany,185416,8755,555,83783942
2020-06-10,Germany,184861,8729,318,83783942
2020-06-09,Germany,184543,8711,350,83783942
2020-06-08,Germany,184193,8674,214,83783942
2020-06-07,Germany,183979,8668,301,83783942
2020-06-06,Germany,183678,8646,407,83783942
2020-06-05,Germany,183271,8613,507,83783942
2020-06-04,Germany,182764,8581,394,83783942
2020-06-03,Germany,182370,8551,342,83783942
2020-06-02,Germany,182028,8522,213,83783942
2020-06-01,Germany,181815,8511,333,83783942
2020-05-31,Germany,181482,8500,286,83783942
2020-05-30,Germany,181196,8489,738,83783942
2020-05-29,Germany,180458,8450,741,83783942
2020-05-28,Germany,179717,8411,353,83783942
2020-05-27,Germany,179364,8349,362,83783942
2020-05-26,Germany,179002,8302,432,83783942
2020-05-25,Germany,178570,8257,289,83783942
2020-05-24,Germany,178281,8247,431,83783942
2020-05-23,Germany,177850,8216,638,83783942
2020-05-22,Germany,177212,8174,460,83783942
2020-05-21,Germany,176752,8147,745,83783942
2020-05-20,Germany,176007,8090,797,83783942
2020-05-19,Germany,175210,8007,513,83783942
2020-05-18,Germany,174697,7935,342,83783942
2020-05-17,Germany,174355,7914,583,83783942
2020-05-16,Germany,173772,7881,620,83783942
2020-05-15,Germany,173152,7824,913,83783942
2020-05-14,Germany,172239,7723,933,83783942
2020-05-13,Germany,171306,7634,798,83783942
2020-05-12,Germany,170508,7533,933,83783942
2020-05-11,Germany,169575,7417,357,83783942
2020-05-10,Germany,169218,7395,667,83783942
2020-05-09,Germany,168551,7369,1251,83783942
2020-05-08,Germany,167300,7266,1209,83783942
2020-05-07,Germany,166091,7119,1284,83783942
2020-05-06,Germany,164807,6996,947,83783942
2020-05-05,Germany,163860,6831,685,83783942
2020-05-04,Germany,163175,6692,679,83783942
2020-05-03,Germany,162496,6649,793,83783942
2020-05-02,Germany,161703,6575,945,83783942
2020-05-01,Germany,160758,6481,1639,83783942
2020-04-30,Germany,159119,6288,1478,83783942
2020-04-29,Germany,157641,6115,1304,83783942
2020-04-28,Germany,156337,5913,1144,83783942
2020-04-27,Germany,155193,5750,1018,83783942
2020-04-26,Germany,154175,5640,1737,83783942
2020-04-25,Germany,152438,5500,2055,83783942
2020-04-24,Germany,150383,5321,2337,83783942
2020-04-23,Germany,148046,5094,2352,83783942
2020-04-22,Germany,145694,4879,2237,83783942
2020-04-21,Germany,143457,4598,1785,83783942
2020-04-20,Germany,141672,4404,1775,83783942
2020-04-19,Germany,139897,4294,2458,83783942
2020-04-18,Germany,137439,4110,3609,83783942
2020-04-17,Germany,133830,3868,3380,83783942
2020-04-16,Germany,130450,3569,2866,83783942
2020-04-15,Germany,127584,3254,2486,83783942
2020-04-14,Germany,125098,2969,2082,83783942
2020-04-13,Germany,123016,2799,2537,83783942
2020-04-12,Germany,120479,2673,2821,83783942
2020-04-11,Germany,117658,2544,4133,83783942
2020-04-10,Germany,113525,2373,5323,83783942
2020-04-09,Germany,108202,2107,4974,83783942
2020-04-08,Germany,103228,1861,4003,83783942
2020-04-07,Germany,99225,1607,3834,83783942
2020-04-06,Germany,95391,1434,3677,83783942
2020-04-05,Germany,91714,1342,5936,83783942
2020-04-04,Germany,85778,1158,6082,83783942
2020-04-03,Germany,79696,1017,6174,83783942
2020-04-02,Germany,73522,872,6156,83783942
2020-04-01,Germany,67366,732,5453,83783942
2020-03-31,Germany,61913,583,4615,83783942
2020-03-30,Germany,57298,455,4751,83783942
2020-03-29,Germany,52547,389,3965,83783942
2020-03-28,Germany,48582,325,6294,83783942
2020-03-27,Germany,42288,253,5780,83783942
2020-03-26,Germany,36508,198,4954,83783942
2020-03-25,Germany,31554,149,4118,83783942
2020-03-24,Germany,27436,114,4764,83783942
2020-03-23,Germany,22672,86,4062,83783942
2020-03-22,Germany,18610,55,1948,83783942
2020-03-21,Germany,16662,47,2705,83783942
2020-03-20,Germany,13957,31,2958,83783942
2020-03-19,Germany,10999,20,2801,83783942
2020-03-18,Germany,8198,12,1042,83783942
2020-03-17,Germany,7156,12,1144,83783942
2020-03-16,Germany,6012,12,1174,83783942
2020-03-15,Germany,4838,12,1043,83783942
2020-03-14,Germany,3795,8,733,83783942
2020-03-13,Germany,3062,5,693,83783942
2020-03-12,Germany,2369,5,802,83783942
2020-03-11,Germany,1567,3,271,83783942
2020-03-10,Germany,1296,2,184,83783942
2020-03-09,Germany,1112,2,265,83783942
2020-03-08,Germany,847,0,163,83783942
2020-03-07,Germany,684,0,150,83783942
2020-03-06,Germany,534,0,185,83783942
2020-03-05,Germany,349,0,109,83783942
2020-03-04,Germany,240,0,52,83783942
2020-03-03,Germany,188,0,38,83783942
2020-03-02,Germany,150,0,33,83783942
2020-03-01,Germany,117,0,51,83783942
2020-02-29,Germany,66,0,13,83783942
2020-02-28,Germany,53,0,27,83783942
2020-02-27,Germany,26,0,5,83783942
2020-02-26,Germany,21,0,5,83783942
2020-02-25,Germany,16,0,0,83783942
2020-02-24,Germany,16,0,0,83783942
2020-02-23,Germany,16,0,0,83783942
2020-02-22,Germany,16,0,0,83783942
2020-02-21,Germany,16,0,0,83783942
2020-02-20,Germany,16,0,0,83783942
2020-02-19,Germany,16,0,0,83783942
2020-02-18,Germany,16,0,0,83783942
2020-02-17,Germany,16,0,0,83783942
2020-02-16,Germany,16,0,0,83783942
2020-02-15,Germany,16,0,0,83783942
2020-02-14,Germany,16,0,0,83783942
2020-02-13,Germany,16,0,0,83783942
2020-02-12,Germany,16,0,0,83783942
2020-02-11,Germany,16,0,2,83783942
2020-02-10,Germany,14,0,0,83783942
2020-02-09,Germany,14,0,1,83783942
2020-02-08,Germany,13,0,0,83783942
2020-02-07,Germany,13,0,1,83783942
2020-02-06,Germany,12,0,0,83783942
2020-02-05,Germany,12,0,0,83783942
2020-02-04,Germany,12,0,0,83783942
2020-02-03,Germany,12,0,2,83783942
2020-02-02,Germany,10,0,2,83783942
2020-02-01,Germany,8,0,3,83783942
2020-01-31,Germany,5,0,1,83783942
2020-01-30,Germany,4,0,0,83783942
2020-01-29,Germany,4,0,0,83783942
2020-01-28,Germany,4,0,3,83783942
2020-01-27,Germany,1,0,1,83783942
2020-01-26,Germany,0,0,0,83783942
2020-01-25,Germany,0,0,0,83783942
2020-01-24,Germany,0,0,0,83783942
2020-01-23,Germany,0,0,0,83783942
2020-01-22,Germany,0,0,0,83783942
